,Company Name,PE Ratio,ROE,Net Profit,EPS,Cash Flow,Cash Conversion Cycle
0,Tata Consultancy Services Ltd,37.3,39.1,"['8,126', '8,131', '8,042', '8,118', '8,049', '7,008', '7,475', '8,701']","['21.66', '21.67', '21.43', '21.63', '21.45', '18.68', '19.92', '23.19']","['-435', '524', '445', '-152', '-374']","['71', '80', '86', '82', '81']"
1,Infosys Ltd,33.4,27.2,"['4,074', '3,798', '4,019', '4,457', '4,321', '4,233', '4,845', '5,197']","['9.32', '8.69', '9.44', '10.47', '10.15', '9.94', '11.37', '12.20']","['1,068', '4,555', '3,925', '1,241', '4,118']","['56', '62', '64', '64', '61']"
2,HCL Technologies Ltd,28.7,19.8,"['2,550', '2,230', '2,711', '2,944', '3,172', '2,931', '3,143', '3,969']","['9.40', '8.22', '9.99', '10.85', '11.69', '10.80', '11.58', '14.63']","['1,176', '52', '153', '44', '307']","['76', '61', '68', '64', '65']"
3,Wipro Ltd,25.4,19.6,"['2,484', '2,388', '2,553', '2,456', '2,326', '2,390', '2,466', '2,968']","['4.12', '3.96', '4.47', '4.30', '4.07', '4.18', '4.31', '5.19']","['1,576', '-374', '1,652', '717', '2,936']","['-21', '-172', '-155', '-459', '-539']"
4,Tech Mahindra Ltd,27.2,19.0,"['1,132', '959', '1,124', '1,146', '804', '972', '1,065', '1,310']","['11.52', '9.95', '11.65', '11.87', '8.32', '10.06', '11.01', '13.54']","['-314', '44', '-26', '298', '915']","['82', '89', '88', '90', '84']"
5,Larsen & Toubro Infotech Ltd,48.3,27.5,"['360', '382', '388', '366', '416', '397', '430', '494']","['20.77', '22.00', '22.32', '21.06', '23.88', '22.79', '24.63', '28.30']","['42', '-23', '-8', '-9', '32']","['74', '75', '77', '73', '67']"
6,Mindtree Ltd,41.8,29.7,"['198', '93', '135', '197', '206', '213', '254', '326']","['12.08', '5.64', '8.20', '11.97', '12.53', '12.94', '15.40', '19.82']","['2', '6', '14', '65', '-7']","['67', '68', '78', '70', '72']"
7,Mphasis Ltd,41.8,19.7,"['266', '265', '273', '294', '353', '275', '299', '326']","['14.29', '14.21', '14.67', '15.75', '18.94', '14.75', '16.03', '17.43']","['-0', '92', '136', '-45', '-7']","['87', '40', '43', '41', '109']"
8,L&T Technology Services Ltd,52.7,20.7,"['192', '204', '206', '204', '205', '117', '166', '186']","['18.41', '19.60', '19.78', '19.56', '19.60', '11.21', '15.78', '17.72']","['86', '-15', '-12', '81', '52']","['96', '86', '80', '94', '76']"
9,Tata Elxsi Ltd,86.2,29.9,"['71', '49', '50', '75', '82', '69', '79', '105']","['11.45', '7.83', '8.00', '12.11', '13.18', '11.06', '12.67', '16.89']","['-2', '7', '3', '-3', '29']","['116', '-551', '88', '81', '74']"
10,Oracle Financial Services Software Ltd,16.6,26.3,"['326', '377', '359', '457', '269', '480', '392', '430']","['38.00', '43.98', '41.80', '53.20', '31.35', '55.82', '45.59', '49.94']","['194', '-354', '183', '-11', '15']","['86', '99', '104', '76', '66']"
11,Persistent Systems Ltd,47.0,16.1,"['84', '82', '86', '88', '84', '90', '102', '121']","['10.56', '10.79', '11.26', '11.51', '10.97', '11.78', '13.35', '15.82']","['173', '-167', '20', '7', '33']","['83', '74', '74', '69', '66']"
12,Coforge Ltd,44.8,19.3,"['106', '88', '120', '123', '114', '80', '121', '122']","['17.08', '14.17', '19.15', '19.73', '18.18', '13.20', '19.93', '20.14']","['-16', '-35', '61', '37', '14']","['74', '-126', '77', '-424', '-257']"
13,Tanla Platforms Ltd,44.8,44.6,"['10', '-76', '-47', '1', '-89', '79', '81', '94']","['0.84', '-5.39', '-3.27', '0.05', '-6.11', '5.16', '5.99', '6.87']","['-23', '-60', '-17', '-47', '-5']","['171', '203', '304', '260', '123']"
14,Affle India Ltd,78.4,45.9,"['14', '13', '16', '21', '15', '19', '27', '31']","['1.19', '1.09', '1.22', '1.68', '1.20', '1.47', '2.11', '2.40']","['9', '6', '49', '-20']","['36', '70', '81', '76']"
15,KPIT Technologies Ltd,62.1,12.6,"['30', '31', '36', '43', '37', '24', '28', '42']","['1.10', '1.12', '1.31', '1.56', '1.35', '0.88', '1.02', '1.52']","['0', '201', '75', '10']","['', '337', '76', '55']"
16,Happiest Minds Technologies Ltd,92.5,39.9,"['27', '22', '5', '49', '34', '42', '37', '35']","['', '', '', '', '2.32', '2.87', '2.51', '2.38']","['4', '0', '-0', '', '']","['171', '138', '124', '73', '57']"
17,Brightcom Group Ltd,17.8,15.9,"['108', '83', '105', '144', '108', '101', '103', '139']","['1.81', '1.40', '1.77', '2.42', '1.81', '1.60', '1.62', '2.18']","['5', '-5', '169', '-76', '-51']","['164', '199', '209', '146', '173']"
18,Birlasoft Ltd,27.7,15.8,"['66', '42', '41', '73', '69', '56', '69', '96']","['2.41', '1.52', '1.48', '2.63', '2.50', '2.03', '2.49', '3.48']","['-46', '108', '-61', '43', '-8']","['69', '85', '107', '76', '91']"
19,Cyient Ltd,20.4,13.2,"['177', '90', '98', '108', '45', '81', '84', '95']","['15.62', '8.23', '8.96', '9.85', '4.11', '7.40', '7.63', '8.67']","['-235', '116', '104', '43', '193']","['79', '79', '86', '77', '79']"
20,Route Mobile Ltd,60.4,28.9,"['13', '13', '19', '14', '27', '33', '38', '35']","['', '', '', '', '', '5.78', '6.62', '6.13']","['135', '-61', '-57', '6', '32']","['22', '26', '70', '63', '78']"
21,Latent View Analytics Ltd,105,22.8,"['23', '22', '22', '22', '50']","['28.10', '27.67', '27.39', '1.25', '2.52']","['', '', '12', '28', '60']","['68', '60', '64', '62', '73']"
22,Intellect Design Arena Ltd,27.4,21.6,"['43', '3', '-17', '-11', '41', '43', '59', '80']","['3.26', '0.26', '-1.29', '-0.86', '3.10', '3.22', '4.47', '6.06']","['106', '-54', '-22', '38', '14']","['100', '68', '82', '81', '51']"
23,Firstsource Solutions Ltd,17.2,13.0,"['98', '91', '67', '90', '92', '89', '105', '121']","['1.42', '1.32', '0.97', '1.29', '1.32', '1.28', '1.52', '1.74']","['25', '203', '-137', '-98', '96']","['48', '42', '57', '50', '35']"
24,Zensar Technologies Ltd,21.8,14.9,"['83', '75', '80', '40', '70', '73', '0', '138']","['3.67', '3.31', '3.55', '1.75', '3.08', '3.25', '0.02', '6.12']","['49', '-20', '64', '-33', '4']","['55', '59', '-22', '56', '28']"
25,Sonata Software Ltd,22.4,30.7,"['65', '67', '72', '76', '62', '50', '57', '54']","['6.21', '6.38', '6.87', '7.21', '5.88', '4.75', '5.44', '5.12']","['-9', '76', '-28', '15', '46']","['51', '53', '-42', '-21', '49']"
26,Mastek Ltd,28.2,24.8,"['27', '24', '25', '26', '34', '40', '51', '57']","['11.43', '10.10', '10.26', '10.79', '13.99', '16.54', '20.76', '23.03']","['39', '-68', '-2', '26', '-40']","['100', '66', '90', '80', '46']"
27,C.E. Info Systems Ltd,158,15.4,"['22', '25', '16']","['58.60', '6.28', '2.96']","['-0', '3', '4', '17']","['130', '59', '46', '43']"
28,eClerx Services Ltd,18.8,17.6,"['59', '40', '44', '70', '55', '52', '61', '71']","['15.29', '10.76', '11.87', '18.89', '14.98', '14.00', '17.48', '20.36']","['26', '104', '17', '66', '-17']","['56', '70', '33', '36', '43']"
29,Nazara Technologies Ltd,236,1.55,"['-3.30', '-27.90', '24.50', '10.20', '3.15', '5.30', '10.10', '8.50']","['', '', '', '', '1.03', '1.74', '3.32', '2.61']","['33', '-5', '24', '-35', '19']","['58', '50', '91', '96', '100']"
30,Hinduja Global Solutions Ltd,9.36,18.6,"['55', '40', '48', '71', '43', '48', '81', '75']","['26.28', '18.97', '22.92', '34.19', '20.74', '22.97', '39.04', '36.11']","['-23', '-20', '23', '-37', '91']","['71', '61', '64', '66', '68']"
31,Infibeam Avenues Ltd,60.2,2.51,"['76', '28', '25', '26', '29', '12', '9', '17']","['0.57', '0.21', '0.19', '0.20', '0.22', '0.09', '0.07', '0.13']","['-0', '0', '1', '2', '11']","['54', '11', '-3', '-5', '28']"
32,Newgen Software Technologies Ltd,24.1,20.7,"['63', '3', '4', '24', '41', '9', '29', '35']","['8.98', '0.44', '0.61', '3.44', '5.93', '1.30', '4.18', '5.06']","['-6', '5', '11', '111', '12']","['208', '216', '171', '158', '149']"
33,Rategain Travel Technologies Ltd,,-16.3,"['-11.14', '-1.90', '0.09']","['-170.08', '-0.24', '0.01']","['-19', '33']","['71', '97']"
34,CMS Info Systems Ltd,24.8,16.9,"['37', '49', '66']","['2.52', '3.31', '4.48']","['-2', '55', '51', '42', '-50']","['-223', '-335', '-95', '-211', '-163']"
35,Vakrangee Ltd,36.7,2.37,"['6', '8', '11', '21', '31', '12', '13', '17']","['0.06', '0.07', '0.10', '0.20', '0.29', '0.11', '0.13', '0.16']","['0', '13', '11', '3', '-3']","['113', '76', '85', '110', '119']"
36,R Systems International Ltd,22.2,33.2,"['12', '12', '11', '23', '10', '16', '27', '29']","['1.00', '0.96', '0.91', '1.93', '0.79', '1.34', '2.26', '2.45']","['9', '18', '-5', '27', '26']","['70', '94', '77', '64', '70']"
37,Black Box Ltd,39.0,"1,473","['-98', '14', '36', '-49', '11', '5', '34', '37']","['-32.96', '4.56', '11.94', '-16.53', '3.60', '1.82', '11.55', '12.34']","['32', '-133', '11', '2', '-12']","['39', '35', '51', '64', '-30']"
38,Subex Ltd,65.0,9.18,"['12.90', '5.28', '6.30', '-312.72', '31.99', '15.16', '12.25', '8.71']","['0.23', '0.09', '0.11', '-5.56', '0.57', '0.27', '0.22', '0.15']","['-12', '-3', '-2', '44', '-2']","['38', '41', '56', '87', '108']"
39,BLS International Services Ltd,23.0,11.3,"['17', '22', '1', '21', '9', '-1', '14', '14']","['1.64', '2.12', '0.07', '2.05', '0.87', '-0.08', '1.33', '1.36']","['8', '27', '17', '27', '-20']","['5', '2', '34', '98', '80']"
40,RPSG Ventures Ltd,,-4.27,"['9', '-6', '-25', '18', '-8', '-4', '16', '17']","['3.42', '-2.18', '-9.44', '6.84', '-2.87', '-1.38', '5.92', '6.45']","['146', '-26', '199', '-209']","['73', '37', '48', '40']"
41,Datamatics Global Services Ltd,12.1,11.3,"['25', '19', '20', '13', '12', '14', '15', '22']","['4.28', '3.26', '3.38', '2.22', '1.96', '2.29', '2.62', '3.76']","['-7', '-4', '18', '-3', '24']","['69', '76', '74', '71', '76']"
42,Zen Technologies Ltd,399,2.01,"['11.73', '13.55', '16.85', '15.37', '10.48', '17.81', '-0.69', '0.77']","['1.52', '1.76', '2.18', '1.99', '1.36', '2.31', '-0.09', '0.10']","['6.98', '-14.53', '4.77', '15.01', '-4.60']","['273.74', '638.18', '240.10', '285.73', '322.41']"
43,Expleo Solutions Ltd,31.9,28.5,"['9', '7', '9', '10', '14', '14', '13', '13']","['8.72', '6.46', '8.73', '10.10', '13.63', '13.91', '12.28', '12.30']","['23', '-23', '2', '2', '10']","['70', '101', '71', '93', '105']"
44,Accelya Solutions India Ltd,24.3,17.4,"['26', '26', '33', '27', '24', '4', '2', '11']","['17.73', '17.69', '21.81', '18.10', '15.86', '2.39', '1.37', '7.31']","['9', '7', '-4', '6', '-1']","['85', '56', '53', '40', '44']"
45,Cigniti Technologies Ltd,15.5,32.9,"['30', '28', '36', '28', '29', '29', '25', '26']","['10.85', '10.30', '12.90', '10.15', '10.51', '10.45', '9.05', '9.45']","['', '1', '4', '28', '-30']","['221', '97', '90', '130', '108']"
46,Sasken Technologies Ltd,10.5,21.7,"['27', '23', '23', '23', '9', '28', '23', '34']","['16.04', '13.55', '13.29', '15.58', '6.28', '18.79', '15.47', '22.52']","['-80', '3', '-6', '9', '1']","['62', '63', '72', '69', '74']"
47,InfoBeans Technologies Ltd,26.1,22.8,"['2', '5', '7', '8', '2', '8', '5', '14']","['0.71', '1.94', '2.98', '3.21', '0.68', '3.19', '1.99', '5.99']","['1', '0', '-1', '2', '5']","['33', '58', '57', '79', '83']"
48,Genesys International Corporation Ltd,121,-9.04,"['1.65', '5.41', '2.42', '1.07', '-7.01', '-27.26', '4.86', '3.32']","['0.53', '1.74', '0.78', '0.34', '-2.25', '-8.75', '1.56', '1.06']","['2', '-4', '16', '-20', '37']","['132', '133', '53', '108', '120']"
49,Nucleus Software Exports Ltd,25.5,16.6,"['17.08', '16.57', '21.09', '23.20', '28.14', '36.33', '29.45', '24.82']","['5.88', '5.71', '7.26', '7.99', '9.69', '12.51', '10.14', '8.55']","['-39', '-5', '0', '-1', '0']","['72', '63', '114', '87', '44']"
50,Quick Heal Technologies Ltd,12.1,14.9,"['24', '12', '38', '18', '6', '26', '28', '13']","['3.36', '1.88', '5.85', '2.80', '0.94', '3.99', '4.42', '1.98']","['0', '0', '-4', '3', '-2']","['122', '133', '134', '138', '106']"
51,Moschip Technologies Ltd,252,-15.9,"['-11.31', '-3.86', '-9.83', '-8.71', '-23.61', '-3.15', '-3.43', '-1.45']","['-0.77', '-0.26', '-0.65', '-0.55', '-1.49', '-0.20', '-0.22', '-0.09']","['-1', '0', '1', '-1', '-0']","['56', '-26', '220', '176', '155']"
52,Xchanging Solutions Ltd,19.0,11.9,"['16', '12', '19', '6', '18', '18', '15', '15']","['1.48', '1.04', '1.70', '0.56', '1.61', '1.66', '1.35', '1.35']","['19', '39', '-49', '2', '29']","['49', '47', '41', '80', '70']"
53,3i Infotech Ltd,,2.03,"['35', '2', '13', '27', '25', '10', '15', '22']","['0.22', '0.01', '0.08', '0.17', '0.15', '0.06', '0.09', '0.14']","['-64', '-23', '-43', '-51', '14']","['81', '91', '99', '60', '59']"
54,63 Moons Technologies Ltd,,-2.05,"['-4', '-11', '39', '-15', '-59', '-4', '-0', '0']","['-0.86', '-2.41', '8.48', '-3.22', '-12.85', '-0.84', '-0.10', '0.00']","['214', '102', '-254', '-166', '289']","['-1,371', '135', '53', '204', '87']"
55,Ramco Systems Ltd,,8.88,"['9', '3', '7', '6', '-6', '14', '17', '18']","['2.85', '0.93', '2.42', '1.89', '-1.91', '4.52', '5.45', '5.83']","['-4', '1', '3', '2', '-2']","['92', '157', '112', '117', '143']"
56,Saksoft Ltd,16.5,19.5,"['10', '9', '10', '10', '10', '10', '11', '12']","['9.86', '8.89', '9.32', '9.15', '9.36', '9.67', '10.24', '11.51']","['-4', '3', '4', '-4', '-0']","['59', '83', '72', '113', '80']"
57,Kellton Tech Solutions Ltd,12.3,17.0,"['20', '19', '18', '19', '15', '14', '16', '22']","['2.03', '1.96', '1.92', '1.93', '1.51', '1.50', '1.65', '2.27']","['0', '-2', '0', '4', '12']","['768', '80', '98', '-221', '117']"
58,Allsec Technologies Ltd,26.5,14.1,"['-2', '12', '13', '9', '11', '6', '6', '9']","['-1.23', '7.93', '8.82', '5.61', '7.14', '3.96', '4.23', '5.82']","['-2', '-15', '-7', '8', '-8']","['110', '64', '87', '64', '60']"
59,XT Global Infotech Ltd,42.6,13.9,"['0.21', '0.20', '0.27', '1.54', '1.88', '-0.27', '1.74', '14.42']","['0.17', '0.04', '0.05', '0.16', '0.16', '-0.02', '0.15', '1.20']","['6', '-9']","['77', '83']"
60,Onward Technologies Ltd,31.5,10.2,"['3.20', '3.36', '3.00', '2.86', '-2.98', '0.39', '2.43', '2.35']","['2.02', '2.11', '1.88', '1.78', '-1.86', '0.24', '1.50', '1.44']","['-0', '-1', '1', '1', '-1']","['81', '90', '95', '91', '86']"
61,Visesh Infotecnics Ltd,,-1.22,"['-1.49', '-2.66', '-2.21', '-2.12', '3.67', '-1.38', '-1.40', '-1.33']","['-0.00', '-0.01', '-0.01', '-0.01', '0.01', '-0.00', '-0.00', '-0.00']","['-1.42', '-0.09', '0.37', '-0.36', '-0.28']","['102.77', '91.98', '87.47', '143.57', '126.98']"
62,Aurionpro Solutions Ltd,,-21.3,"['11', '9', '10', '6', '6', '4', '7', '9']","['4.67', '3.93', '4.44', '2.52', '2.82', '1.83', '3.14', '3.78']","['-6', '-4', '3', '2', '17']","['125', '126', '119', '126', '109']"
63,FCS Software Solutions Ltd,,-0.04,"['-116.38', '-2.54', '-2.78', '-2.68', '-15.81', '1.03', '1.38', '0.52']","['-0.68', '-0.01', '-0.02', '-0.02', '-0.09', '0.01', '0.01', '0.00']","['45', '-24', '3', '1', '-4']","['91', '73', '108', '117', '81']"
64,ASM Technologies Ltd,49.4,15.2,"['-0.73', '-1.93', '-0.76', '-0.95', '4.88', '3.80', '2.24', '1.09']","['-0.73', '-1.93', '-0.76', '-0.95', '4.88', '3.80', '2.24', '1.09']","['-0', '4', '3', '0', '0']","['104', '74', '79', '60', '73']"
65,Allied Digital Services Ltd,23.0,4.16,"['8.12', '7.32', '6.11', '2.98', '2.85', '4.39', '3.98', '6.96']","['1.62', '1.46', '1.22', '0.59', '0.57', '0.87', '0.79', '1.39']","['19', '9', '-14', '-12', '2']","['132', '151', '187', '272', '433']"
66,Take Solutions Ltd,,-33.5,"['28', '45', '50', '50', '-158', '-242', '-116', '-25']","['1.88', '3.05', '3.38', '3.41', '-10.68', '-16.36', '-7.81', '-1.72']","['-6', '-1', '13', '16', '2']","['67', '76', '82', '99', '100']"
67,Virinchi Ltd,37.4,0.73,"['16.88', '11.03', '11.67', '12.98', '10.77', '2.92', '0.63', '0.93']","['5.42', '3.37', '3.57', '3.97', '3.29', '0.89', '0.19', '0.27']","['-1', '-2', '-2', '1', '6']","['132', '142', '166', '105', '64']"
68,Cybertech Systems & Software Ltd,24.3,22.3,"['4.70', '2.92', '4.71', '5.02', '0.58', '5.17', '3.76', '12.36']","['1.71', '1.06', '1.71', '1.82', '0.21', '1.88', '1.37', '4.48']","['-12', '-0', '2', '-3', '2']","['72', '89', '73', '71', '83']"
69,Trigyn Technologies Ltd,9.49,11.7,"['14.48', '14.99', '14.64', '17.22', '3.25', '17.85', '17.81', '14.09']","['4.70', '4.87', '4.76', '5.59', '1.06', '5.80', '5.79', '4.58']","['-6', '2', '-10', '-1', '-3']","['74', '88', '97', '100', '105']"
70,Xelpmoc Design and Tech Ltd,,7.85,"['-1.30', '-1.39', '-1.10', '-0.16', '0.47', '1.67', '1.56', '1.00']","['-0.95', '-1.01', '-0.80', '-0.12', '0.34', '1.22', '1.14', '0.73']","['0.17', '0.04', '1.96', '0.29', '-1.92']","['365.00', '91.25', '141.64', '56.94', '44.56']"
71,Innovana Thinklabs Ltd,29.0,25.9,"['11', '10', '8', '7', '16']","['10.85', '10.11', '8.23', '6.77', '16.02']","['-0', '5', '9', '24', '8']","['0', '0', '0', '0', '-415']"
72,Ducon Infratechnologies Ltd,,0.43,"['0.72', '0.84', '-0.37', '-0.36', '0.75', '0.00', '0.23', '0.78']","['0.07', '0.08', '-0.04', '-0.03', '0.07', '0.00', '0.02', '0.07']","['', '0', '1', '-1', '0']","['155', '142', '128', '157', '140']"
73,AXISCADES Technologies Ltd,378,-7.06,"['0.67', '0.94', '4.54', '8.03', '16.24', '-0.97', '-15.55', '5.49']","['0.18', '0.25', '1.20', '2.13', '4.30', '-0.26', '-4.12', '1.45']","['-0', '2', '-3', '6', '-4']","['147', '115', '109', '82', '86']"
74,Ksolves India Ltd,27.8,120,"['0.88', '1.14', '2.79', '3.16', '4.00', '3.06', '3.90']","['1.00', '0.95', '2.32', '2.63', '3.36', '2.58', '3.29']","['0', '', '', '', '-0']","['', '0', '0', '0', '0']"
75,Megasoft Ltd,112,1.31,"['0.04', '1.02', '0.11', '1.14', '-1.56', '0.77', '0.73', '0.16']","['0.01', '0.14', '0.01', '0.15', '-0.21', '0.10', '0.10', '0.02']","['14.82', '-18.57', '0.47', '11.04', '-9.30']","['110.12', '107.62', '130.68', '207.62', '234.94']"
76,Aurum Proptech Ltd,,3.69,"['2.46', '14.65', '6.96', '0.86', '1.50', '1.22', '2,510.84', '27.76']","['0.87', '5.16', '2.45', '0.30', '0.52', '0.42', '840.25', '9.70']","['0.00', '0.01', '0.47', '-0.44', '0.08']","['', '', '126.66', '88.44', '178.67']"
77,Mindteck (India) Ltd,19.2,8.17,"['2.67', '0.35', '-1.55', '-22.74', '-40.86', '1.67', '2.32', '1.45']","['1.04', '0.14', '-0.60', '-8.88', '-15.95', '0.65', '0.91', '0.57']","['-8', '1', '5', '-3', '8']","['57', '60', '56', '64', '63']"
78,SecureKloud Technologies Ltd,,6.55,"['-76', '-396', '12', '11', '-129', '-3', '3', '2']","['-24.85', '-129.84', '3.85', '3.45', '-42.23', '-0.92', '1.03', '0.78']","['0', '3', '-2', '3', '10']","['245', '224', '193', '111', '82']"
79,Intrasoft Technologies Ltd,26.3,3.06,"['2.31', '0.39', '0.55', '1.22', '-0.05', '2.16', '0.62', '3.94']","['1.57', '0.26', '0.37', '0.83', '-0.03', '1.47', '0.42', '2.67']","['446', '-462', '2', '-2', '4']","['-194', '61', '43', '14', '13']"
80,Softsol India Ltd,14.1,9.29,"['2', '1', '2', '2', '2', '4', '1', '5']","['1.03', '0.53', '1.28', '1.01', '1.19', '2.22', '0.37', '2.95']","['12', '6', '0', '3', '-17']","['60', '60', '62', '51', '104']"
81,Inspirisys Solutions Ltd,,-17.4,"['11', '3', '-1', '-1', '1', '-3', '-2', '1']","['3.30', '0.72', '-0.13', '-0.26', '0.28', '-0.68', '-0.60', '0.14']","['16', '-7', '-17', '15', '-8']","['86', '13', '19', '1', '88']"
82,Airan Ltd,35.4,6.13,"['0.40', '1.39', '1.39', '1.40', '2.21', '0.09', '0.70', '2.29']","['0.03', '0.11', '0.11', '0.11', '0.18', '0.01', '0.06', '0.18']","['0.00', '-1.78', '0.08', '1.24', '0.02']","['372.15', '87.48', '75.21', '113.95', '130.94']"
83,Goldstone Technologies Ltd,945,-1.29,"['-1.35', '-0.10', '0.14', '-0.35', '0.18', '0.14', '0.07', '0.26']","['-0.72', '-0.05', '0.07', '-0.19', '0.10', '0.07', '0.04', '0.14']","['0.93', '-0.24', '2.65', '0.00', '-3.48']","['196.05', '89.77', '109.62', '88.31', '59.27']"
84,One Point One Solutions Ltd,175,-28.6,"['2.80', '0.15', '0.86', '1.09', '-21.09', '-6.00', '-3.51', '-3.29']","['0.15', '0.01', '0.05', '0.06', '-1.12', '-0.32', '-0.19', '-0.18']","['0', '0', '2', '-2', '0']","['', '', '86', '75', '80']"
85,Apollo Micro Systems Ltd,26.2,3.41,"['10.55', '3.35', '2.89', '6.34', '1.43', '0.96', '3.62', '2.54']","['5.08', '1.61', '1.39', '3.05', '0.69', '0.46', '1.74', '1.22']","['0', '0', '0', '1', '3']","['333', '333', '179', '261', '212']"
86,Silver Touch Technologies Ltd,256,1.16,"['5', '0', '0', '1', '3']","['4.31', '0.11', '0.26', '0.48', '2.02']","['', '', '1', '-2', '0']","['45', '47', '76', '180', '77']"
87,Palred Technologies Ltd,,8.92,"['-4.39', '-1.24', '-0.93', '-1.69', '-0.79', '0.30', '1.20', '0.97']","['-4.51', '-1.27', '-0.96', '-1.74', '-0.81', '0.31', '1.23', '1.00']","['3', '9', '-5', '2', '4']","['106', '54', '74', '72', '53']"
88,Alankit Ltd,26.6,12.2,"['5.65', '3.20', '3.11', '4.57', '3.07', '2.76', '3.25', '3.61']","['0.40', '0.22', '0.22', '0.32', '0.21', '0.19', '0.23', '0.25']","['10', '1', '3', '2', '0']","['1,114', '257', '38', '-1,083', '-196']"
89,Dynacons Systems & Solutions Ltd,16.9,21.6,"['1.81', '1.21', '1.85', '1.56', '1.50', '1.42', '1.94', '2.73']","['1.97', '1.32', '2.02', '1.70', '1.64', '1.55', '2.11', '2.98']","['-1', '1', '-0', '0', '2']","['85', '93', '77', '99', '94']"
90,Sigma Solve Ltd,72.9,31.2,"['0.91', '5.58']","['3.02', '13.57']","['7.86', '3.10']","['141.81', '62.30']"
91,Cressanda Solutions Ltd,"3,023",0.00,"['-0.06', '-0.01', '-0.04', '-0.02', '-0.02', '0.00', '0.00', '-0.01']","['-0.00', '-0.00', '-0.00', '-0.00', '-0.00', '0.00', '0.00', '-0.00']","['-0.07', '-0.01', '0.01', '-1.65', '0.00']","['186.38', '', '1,611.39', '9,589.55', '0.00']"
92,IRIS Business Services Ltd,63.1,11.3,"['2.82', '2.90', '-0.92', '0.44', '0.51']","['1.49', '1.54', '-0.48', '0.23', '0.27']","['0.00', '0.00', '0.00', '7.25', '-4.89']","['109.40', '141.32', '80.23', '55.51', '82.55']"
93,ABM Knowledgeware Ltd,12.9,11.0,"['2.98', '2.01', '4.00', '3.59', '5.72', '6.19', '5.07', '4.85']","['1.49', '1.00', '2.00', '1.79', '2.86', '3.09', '2.53', '2.42']","['1', '-7', '1', '-2', '3']","['146', '108', '80', '133', '174']"
94,Ceinsys Tech Ltd,29.4,3.13,"['9.25', '5.26', '7.05', '7.12', '5.65', '-6.27', '3.78', '4.34']","['8.32', '4.73', '6.34', '6.40', '5.08', '-5.64', '3.40', '3.90']","['0', '-0', '2', '2', '1']","['73', '-8', '49', '111', '490']"
95,Intense Technologies Ltd,9.12,26.8,"['0.01', '1.65', '2.32', '1.29', '12.02', '1.71', '3.13', '1.29']","['0.00', '0.74', '1.04', '0.58', '5.36', '0.76', '1.40', '0.58']","['-0', '-7', '6', '-6', '-2']","['218', '222', '105', '173', '187']"
96,E2E Networks Ltd,,-6.01,"['1.39', '0.50']","['51.42', '0.43']","['0.00', '0.00', '0.12', '0.39', '1.73']","['73.00', '91.25', '1.84', '18.94', '19.32']"
97,TechNVision Ventures Ltd,43.5,,"['-36', '-0', '3', '3', '-8', '-1', '2', '8']","['-58.12', '-0.22', '4.49', '4.54', '-12.70', '-1.00', '3.62', '12.10']","['0', '1', '-0', '0', '0']","['143', '262', '263', '342', '259']"
98,GSS Infotech Ltd,33.1,-2.65,"['1.07', '1.70', '1.20', '1.70', '1.46', '-0.95', '-1.95', '0.07']","['0.63', '1.00', '0.71', '1.00', '0.86', '-0.56', '-1.15', '0.04']","['103', '-137', '-11', '-3', '-5']","['100', '48', '99', '46', '57']"
99,Vedavaag Systems Ltd,22.6,5.68,"['2.16', '1.77', '1.13', '1.97', '0.63', '1.24', '1.43', '1.72']","['0.94', '0.77', '0.49', '0.86', '0.27', '0.54', '0.62', '0.75']","['-0.18', '0.01', '0.44', '1.54', '6.11']","['207.66', '256.24', '325.27', '191.93', '-121.61']"
100,CG-VAK Software & Exports Ltd,19.2,24.3,"['0.33', '0.71', '0.90', '0.95', '1.28', '1.83', '1.63', '1.75']","['0.65', '1.41', '1.78', '1.88', '2.53', '3.62', '3.23', '3.47']","['0.15', '-0.03', '-0.58', '0.98', '1.12']","['128.11', '143.93', '153.47', '136.34', '125.60']"
101,DRC Systems India Ltd,153,-11.8,"['-0.39', '-0.30', '-0.41', '0.62', '0.13', '0.15', '0.07']","['', '', '-1.06', '1.60', '0.34', '0.39', '0.18']","['-0.05', '-0.04', '-0.26', '1.18']","['34.18', '66.99', '122.56', '143.94']"
102,Accel Ltd,16.9,-7.06,"['7.32', '-1.03', '-0.57', '-1.62', '-1.48', '-1.33', '-1.96', '-0.84']","['1.28', '-0.18', '-0.10', '-0.28', '-0.26', '-0.23', '-0.34', '-0.15']","['-1', '0', '-0', '1', '0']","['4', '18', '122', '208', '107']"
103,Dev Information Technology Ltd,143,2.95,"['2.30', '2.25', '1.17', '0.17', '0.81', '0.40']","['2.09', '2.05', '1.06', '0.15', '0.74', '0.36']","['0.00', '0.00', '1.86', '-1.34', '2.06']","['162.75', '149.72', '-11.41', '36.13', '-17.26']"
104,Softtech Engineers Ltd,48.2,4.05,"['3.97', '1.46', '5.03', '2.39', '0.34', '2.27']","['4.21', '1.55', '5.34', '2.52', '0.36', '2.39']","['0.12', '-1.24', '0.23']","['109.45', '226.68', '293.00']"
105,Cambridge Technology Enterprises Ltd,7.25,10.6,"['3.09', '2.21', '1.01', '1.28', '0.27', '2.41', '6.33', '-11.99']","['1.57', '1.13', '0.51', '0.65', '0.14', '1.23', '3.22', '-6.11']","['-2', '5', '-4', '-1', '-1']","['88', '69', '63', '38', '159']"
106,IZMO Ltd,8.39,12.0,"['0.55', '0.75', '0.76', '6.15', '3.49', '1.30', '12.01', '8.29']","['0.42', '0.57', '0.58', '4.71', '2.67', '0.99', '9.19', '6.34']","['', '', '', '', '22']","['-1,114', '-251', '100', '82', '40']"
107,SagarSoft (India) Ltd,23.3,21.7,"['1.52', '0.62', '0.95', '0.29', '0.48', '1.14', '1.42', '1.38']","['2.73', '1.12', '1.71', '0.52', '0.86', '2.05', '2.55', '2.48']","['1.20', '-0.16', '-0.90', '-0.08', '1.15']","['15.89', '27.11', '38.08', '35.86', '42.35']"
108,Scanpoint Geomatics Ltd,49.8,3.58,"['0.77', '0.42', '0.53', '0.61', '0.32', '0.31', '0.53', '0.51']","['0.11', '0.06', '0.08', '0.09', '0.05', '0.04', '0.08', '0.07']","['0.01', '-0.01', '0.16', '-0.10', '0.16']","['200.03', '270.84', '142.74', '212.21', '177.53']"
109,Rolta India Ltd,,,"['-1,063', '-2,499', '-167', '-276', '-232', '-240', '-2,130', '-333']","['-64.09', '-150.67', '-10.08', '-16.63', '-13.96', '-14.48', '-128.40', '-20.08']","['-87', '-4', '-13', '138', '-114']","['126', '140', '120', '104', '126']"
110,Odyssey Technologies Ltd,20.3,5.13,"['-0.85', '0.51', '0.04', '0.50', '0.13', '0.43', '-0.41', '0.77']","['-0.96', '0.58', '0.05', '0.56', '0.15', '0.49', '-0.26', '0.49']","['-0.03', '-0.19', '0.14', '0.52', '1.36']","['129.55', '50.77', '54.29', '76.47', '50.51']"
111,Trejhara Solutions Ltd,7.36,2.43,"['0.62', '0.83', '1.76', '2.87', '1.48', '1.55', '2.91', '3.23']","['0.52', '0.70', '1.49', '2.43', '1.25', '1.31', '2.46', '2.73']","['-1', '-0', '1', '-1']","['173', '140', '166', '158']"
112,Alphalogic Techsys Ltd,135,,['0.53'],['0.26'],['0.02'],['14.65']
113,Athena Global Technologies Ltd,,,"['-0.27', '-0.94', '-1.69', '-1.38', '-1.03', '-3.83', '0.25', '-2.24']","['-0.24', '-0.83', '-1.49', '-1.21', '-0.91', '-3.37', '0.22', '-1.97']","['-0.33', '-0.04', '0.10', '-0.48', '0.54']","['290.55', '126.78', '128.09', '79.00', '120.14']"
114,Blue Cloud Softech Solutions Ltd,662,0.21,"['-0.02', '0.00', '0.00', '0.00', '0.00', '-0.04', '-0.01', '0.01']","['-0.01', '0.00', '0.00', '0.00', '0.00', '-0.02', '-0.00', '0.00']","['0.00', '-0.01', '0.00', '0.00', '0.00']","['417.22', '250.94', '202.78', '251.12', '290.51']"
115,Ram Info Ltd,13.0,9.89,"['0.00', '0.63', '0.15', '0.12', '-0.13', '-0.15', '0.71', '0.75']","['0.00', '0.94', '0.22', '0.18', '-0.19', '-0.22', '1.06', '1.12']","['-1', '-0', '-0', '0', '-1']","['226', '298', '1,067', '-256', '-88']"
116,R S Software (India) Ltd,,-32.1,"['-6.27', '-8.89', '-8.64', '-8.68', '-45.31', '-5.55', '-4.74', '-5.11']","['-2.44', '-3.46', '-3.36', '-3.38', '-17.62', '-2.16', '-1.84', '-1.99']","['2', '10', '5', '6', '14']","['36', '53', '38', '44', '45']"
117,Lee & Nee Software (Exports) Ltd,192,0.75,"['-0.00', '0.02', '0.03', '0.11', '-0.09', '-0.04', '0.12', '0.15']","['-0.00', '0.00', '0.01', '0.02', '-0.02', '-0.01', '0.02', '0.03']","['-0.07', '1.36', '0.16', '-1.39', '-0.01']","['354.95', '10.84', '3.43', '23.25', '18.56']"
118,Virtual Global Education Ltd,241,0.48,"['0.16', '0.11', '0.09', '0.09', '0.08', '0.08', '0.12', '0.03']","['0.00', '0.00', '0.00', '0.00', '0.00', '0.00', '0.00', '0.00']","['', '0.04', '-0.05', '0.14', '0.11']","['402.72', '0.00', '0.00', '0.00', '190.50']"
119,Excel Realty N Infra Ltd,,0.48,"['0.59', '0.03', '0.09', '0.04', '-2.88', '-0.25', '0.91', '-0.07']","['0.06', '0.00', '0.01', '0.00', '-0.31', '-0.03', '0.10', '-0.01']","['1.96', '-1.52', '0.11', '-0.10', '-0.49']","['11.26', '127.71', '14.61', '24.38', '112.57']"
120,Danlaw Technologies India Ltd,191,1.40,"['0.77', '0.23', '-1.27', '-2.15', '-1.35', '-1.26', '0.30', '1.59']","['2.08', '0.62', '-3.43', '-5.80', '-3.64', '-3.40', '0.81', '4.29']","['', '', '2', '2', '2']","['489', '286', '142', '178', '179']"
121,Globalspace Technologies Ltd,,16.9,"['0.77', '1.17', '0.44', '-3.17', '4.77', '2.06', '2.23', '2.09']","['0.67', '1.02', '0.38', '-2.77', '4.16', '1.80', '1.95', '1.82']","['0.00', '-0.39', '0.00', '0.08', '-0.07']","['', '4,259.82', '444.65', '487.90', '168.76']"
122,California Software Company Ltd,10.9,-3.38,"['-0.23', '0.27', '0.12', '0.10', '-0.57', '0.18', '0.18', '0.14']","['-0.19', '0.22', '0.10', '0.08', '-0.46', '0.15', '0.12', '0.09']","['-17.41', '-2.04', '-0.78', '-9.18', '-9.40']","['91.95', '73.37', '105.00', '560.21', '29.11']"
123,Tera Software Ltd,291,0.77,"['2.40', '1.61', '1.39', '1.35', '2.17', '-1.24', '0.12', '0.24']","['1.92', '1.29', '1.11', '1.08', '1.73', '-0.99', '0.10', '0.19']","['10', '-11', '7', '-5', '-1']","['83', '54', '-168', '-96', '-52']"
124,Bodhtree Consulting Ltd,9.49,9.28,"['3.59', '0.46', '1.53', '1.89', '0.25', '1.12', '1.26', '1.89']","['1.80', '0.23', '0.77', '0.95', '0.13', '0.56', '0.63', '0.95']","['1', '9', '-9', '0', '0']","['112', '119', '109', '193', '177']"
125,Orchasp Ltd,49.6,0.21,"['1.71', '1.65', '0.85', '0.41', '-2.03', '-0.47', '-0.34', '-0.35']","['0.17', '0.17', '0.09', '0.04', '-0.21', '-0.05', '-0.03', '-0.04']","['0.12', '-0.11', '0.04', '0.21', '-0.25']","['194.58', '207.13', '3,031.90', '797.11', '16,260.68']"
126,HOV Services Ltd,18.6,3.96,"['0.07', '0.34', '0.19', '-0.19', '0.33', '0.25', '0.11', '0.26']","['0.06', '0.27', '0.15', '-0.15', '0.26', '0.20', '0.09', '0.21']","['-2.40', '-5.08', '15.47', '-9.45', '-6.04']","['59.88', '68.90', '62.33', '108.04', '60.66']"
127,Starcom Information Technology Ltd,,-622,"['0.04', '0.01', '0.02', '0.01', '-1.08', '-0.28', '-0.45', '-0.05']","['0.08', '0.02', '0.04', '0.02', '-2.16', '-0.56', '-0.90', '-0.10']","['-1.75', '5.12', '-5.07', '0.01', '0.18']","['0.00', '', '', '105.44', '10.25']"
128,AAA Technologies Ltd,53.2,7.00,"['0.18', '0.32', '0.51']","['', '', '0.60']","['0.00', '0.00', '0.00', '0.00', '0.00']","['12.66', '25.85', '48.09', '66.70', '64.56']"
129,We Win Ltd,45.0,6.94,"['0.46', '1.21', '0.05', '1.31']","['0.45', '1.19', '0.05', '1.29']","['-0.02', '-0.07', '0.00', '0.14', '0.35']","['98.09', '92.18', '57.35', '55.60', '64.13']"
130,Reliable Data Services Ltd,34.9,4.62,"['2.08', '2.16', '0.67', '2.98', '-0.24', '1.80', '1.60']","['2.02', '2.10', '0.65', '2.89', '-0.23', '1.74', '1.55']","['-0.98', '0.28', '0.99', '-1.17', '-0.87']","['29.72', '88.98', '93.35', '69.54', '103.43']"
131,Secmark Consultancy Ltd,34.9,12.5,"['0.31', '0.76', '-0.40', '1.97', '0.48']","['', '', '-0.97', '4.78', '1.16']","['0.00', '0.00', '0.00', '0.00', '0.00']","['121.67', '54.75', '32.85', '60.06', '41.18']"
132,Network People Services Technologies Ltd,46.9,17.2,"['0.36', '0.64']","['0.80', '0.99']","['-0.84', '-0.86', '0.30', '0.11']","['57.08', '50.93', '51.66', '175.36']"
133,B2B Software Technologies Ltd,19.4,15.9,"['-0.12', '0.14', '0.44', '0.38', '-0.05', '0.34', '0.44', '0.70']","['-0.10', '0.12', '0.38', '0.33', '-0.04', '0.29', '0.38', '0.60']","['0.21', '1.18', '0.63', '0.21', '0.34']","['40.89', '-106.45', '-177.66', '-99.85', '-10.84']"
134,Megri Soft Ltd,106,1.88,"['0.09', '0.07', '0.07', '0.12', '0.08', '0.07', '0.06', '0.12']","['0.29', '0.22', '0.22', '0.38', '0.25', '0.22', '0.19', '0.38']","['0.29', '0.99', '-1.15', '0.08', '0.07']","['79.48', '37.26', '18.02', '26.00', '68.17']"
135,Saven Technologies Ltd,15.3,11.3,"['0.62', '0.63', '0.62', '0.74', '0.59', '0.41', '0.53', '0.49']","['0.57', '0.58', '0.57', '0.68', '0.54', '0.38', '0.49', '0.45']","['0.44', '0.13', '0.98', '3.17', '4.29']","['372.27', '285.47', '191.66', '105.12', '114.11']"
136,Atishay Ltd,111,6.32,"['1.11', '0.41', '1.23', '0.35', '0.45', '0.58', '0.89', '0.66']","['1.01', '0.37', '1.12', '0.32', '0.41', '0.53', '0.81', '0.60']","['-0.77', '-0.14', '0.14', '-0.71', '-1.82']","['8.90', '6.93', '31.38', '117.77', '107.73']"
137,LCC Infotech Ltd,,-2.49,"['-0.01', '0.00', '-0.01', '0.00', '-0.03', '-0.08', '-0.07', '-0.32']","['-0.00', '0.00', '-0.00', '0.00', '-0.00', '-0.01', '-0.01', '-0.03']","['0.01', '0.11', '0.00', '0.01', '-0.05']","['304.08', '324.10', '554.59', '611.22', '618.14']"
138,Paramone Concepts Ltd,5.34,31.7,"['-6.63', '7.55', '-1.71', '-1.40', '-5.10', '0.87', '0.13', '0.80']","['-4.38', '4.99', '-1.13', '-0.93', '-3.37', '0.58', '0.09', '0.53']","['-0.06', '0.10', '-0.08', '-0.01', '0.02']","['0.00', '0.00', '88.70', '21.79', '42.96']"
139,Vivo Collaboration Solutions Ltd,13.2,116,['1.11'],['7.51'],"['0.74', '-0.67', '0.00']","['-110.91', '-102.41', '-114.65']"
140,Cranes Software International Ltd,,,"['-73.86', '-3.42', '-0.57', '-3.93', '-27.47', '-2.82', '-5.70', '1.18']","['-6.27', '-0.29', '-0.05', '-0.33', '-2.33', '-0.24', '-0.48', '0.10']","['-237', '-2', '5', '-6', '-2']","['570', '190', '197', '50', '13']"
141,PCS Technology Ltd,173,0.99,"['-1.90', '0.32', '-3.27', '-1.38', '-0.95', '0.20', '-0.10', '0.67']","['-0.91', '0.15', '-1.56', '-0.66', '-0.45', '0.10', '-0.05', '0.32']","['-1.17', '-0.40', '-0.26', '-6.04', '-0.19']","['144.92', '144.01', '58.44', '92.99', '183.76']"
142,Continental Chemicals Ltd,149,3.83,"['0.28', '0.03', '0.03', '-0.01', '0.01', '0.01', '0.03', '0.00']","['', '', '', '-0.04', '0.04', '0.04', '0.13', '0.00']","['0.01', '-0.01', '0.00', '-0.34', '0.31']","['1,946.67', '188.26', '477.31', '0.00', '0.00']"
143,Spacenet Enterprises India Ltd,,,"['0.08', '-0.11', '-0.04', '0.01', '-5.05', '-0.24', '-0.30', '0.10']","['0.02', '-0.02', '-0.01', '0.00', '-1.03', '-0.05', '-0.06', '0.02']","['', '0.15', '-0.20', '0.11', '-0.10']","['', '261.23', '173.45', '10.53', '73.65']"
144,USG Tech Solutions Ltd,,-12.4,"['0.20', '-0.23', '-0.18', '-0.20', '-0.73', '-0.37', '-1.27', '0.33']","['0.05', '-0.06', '-0.05', '-0.05', '-0.19', '-0.09', '-0.32', '0.08']","['-0.08', '-0.08', '-1.24', '-0.75', '-0.08']","['1,889.50', '765.34', '3,492.85', '3,540.97', '745.39']"
145,7Seas Entertainment Ltd,15.4,,"['-10.12', '-0.14', '-0.16', '-0.24', '-1.02', '-0.16', '-0.17', '-0.17']","['-9.11', '-0.13', '-0.14', '-0.22', '-0.92', '-0.14', '-0.15', '-0.15']","['-0.49', '0.89', '-0.48', '-0.41', '0.00']","['92.72', '132.46', '119.01', '355.82', '1,993.79']"
146,ERP Soft Systems Ltd,218,1.68,"['0.01', '0.07', '0.06', '0.04', '-0.05', '0.06', '0.15', '0.11']","['0.03', '0.18', '0.15', '0.10', '-0.13', '0.15', '0.38', '0.28']","['', '-0.23', '0.07', '0.22', '-0.39']","['0.00', '394.11', '373.09', '20.94', '40.05']"
147,Quadpro ITeS Ltd,41.5,29.3,"['0.02', '0.27']","['0.10', '0.11']","['-0.30', '0.00', '0.21']","['29.85', '43.02', '67.71']"
148,Platinumone Business Services Ltd,25.9,17.9,['1.14'],['7.20'],"['0.69', '-1.20', '0.07']","['86.63', '109.68', '146.62']"
149,Integra Telecommunication & Software Ltd,22.0,14.6,"['-0.05', '-0.07', '-0.05', '-0.08', '0.01', '-0.01', '-0.03', '0.70']","['-0.05', '-0.07', '-0.05', '-0.08', '0.01', '-0.01', '-0.03', '0.66']","['', '-0.08', '0.02', '0.15', '-0.07']","['31.38', '10.02', '33.52', '223.46', '300.92']"
150,Bartronics India Ltd,,-40.7,"['-3', '-11', '-13', '-13', '-13', '-13', '-13', '-13']","['-0.78', '-3.31', '-3.94', '-3.94', '-3.87', '-3.75', '-3.71', '-3.81']","['-3', '1', '-4', '18', '-6']","['85', '96', '102', '176', '1,635']"
151,Informed Technologies India Ltd,18.4,9.92,"['-0.64', '-0.10', '-0.37', '0.29', '-1.10', '0.95', '0.40', '0.43']","['-1.54', '-0.24', '-0.89', '0.70', '-2.64', '2.28', '0.96', '1.03']","['-0.00', '0.19', '-0.14', '0.03', '0.01']","['34.27', '43.80', '43.27', '65.18', '43.69']"
152,E.Com Infotech (India) Ltd,273,0.48,"['0.03', '-0.10', '0.01', '-0.07', '0.20', '-0.06', '-0.12', '0.06']","['0.06', '-0.20', '0.02', '-0.14', '0.40', '-0.12', '-0.24', '0.12']","['-0.01', '0.00', '0.02', '-0.01', '-0.01']","['13,359.00', '14,843.33', '3,044.43', '8,349.38', '27,302.00']"
153,NINtec Systems Ltd,17.7,11.0,"['0.48', '0.80', '0.73', '0.58', '1.39']","['0.70', '1.16', '1.06', '0.84', '2.02']","['2.33', '-0.10', '-0.03', '0.18', '-0.14']","['193.24', '3.59', '5.04', '169.21', '60.83']"
154,Jointeca Education Solutions Ltd,,-7.80,"['-0.31', '-0.44', '-0.54', '-0.49', '-0.32', '-0.48']","['-0.31', '-0.44', '-0.54', '-0.49', '-0.32', '-0.48']","['0.23', '0.52', '0.03', '-0.06', '0.01']","['149.81', '79.27', '244.79', '329.96', '260.11']"
155,Cadsys (India) Ltd,,-14.6,"['6.48', '2.43', '-2.13', '-4.81', '-0.56', '-3.76']","['8.64', '3.24', '-2.84', '-6.41', '-0.75', '-5.01']","['4.67', '4.73', '4.49', '2.43', '5.38']","['47.99', '5.84', '35.82', '42.44', '80.13']"
156,Netlink Solutions (India) Ltd,12.1,13.5,"['0.71', '-0.64', '-0.34', '-0.07', '-1.94', '0.84', '0.47', '1.11']","['2.81', '-2.53', '-1.34', '-0.28', '-7.67', '3.32', '1.86', '4.39']","['-0.36', '0.04', '0.22', '-0.19', '-0.02']","['11.41', '38.42', '44.92', '35.78', '43.80']"
157,Tranway Technologies Ltd,193,0.64,"['0.06', '-0.26', '-0.19', '0.29', '0.95']","['300.00', '-0.25', '-0.18', '0.27', '0.90']","['0.33', '0.30']","['33.66', '38.30']"
158,Lex Nimble Solutions Ltd,36.9,4.05,"['0.29', '0.65', '0.26', '0.37', '0.16', '0.24']","['0.69', '1.55', '0.62', '0.88', '0.38', '0.57']","['0.00', '0.00', '0.70', '-0.85', '0.13']","['0.00', '69.89', '0.00', '190.80', '56.93']"
159,COSYN Ltd,,-1.47,"['0.42', '0.29', '0.28', '0.69', '0.21', '-0.70', '-0.09', '-0.06']","['0.56', '0.39', '0.37', '0.92', '0.28', '-0.93', '-0.12', '-0.08']","['0.04', '-0.28', '0.35', '0.17', '0.56']","['118.36', '259.94', '-92.13', '84.73', '103.28']"
160,Mudunuru Ltd,,3.85,"['0.89', '-0.26', '-0.19', '0.09', '-5.85', '0.17', '-0.12', '0.03']","['0.37', '-0.11', '-0.08', '0.04', '-2.44', '0.07', '-0.05', '0.01']","['0.00', '0.27', '-0.25', '0.11', '0.50']","['12.12', '128.51', '143.68', '140.53', '46.08']"
161,Adroit Infotech Ltd,13.4,0.00,"['-0.86', '-0.49', '0.08', '0.18', '-30.97', '0.38', '0.54', '0.59']","['-0.47', '-0.27', '0.04', '0.10', '-16.95', '0.21', '0.30', '0.32']","['-0.04', '-0.22', '-0.14', '7.03', '-7.05']","['13,870.00', '476.07', '183.20', '116.63', '144.56']"
162,ACI Infocom Ltd,56.0,1.09,"['0.06', '0.02', '-0.01', '0.08', '-0.12', '0.07', '-0.09', '0.02']","['0.01', '0.00', '-0.00', '0.01', '-0.01', '0.01', '-0.01', '0.00']","['0.08', '-0.70', '0.22', '-0.84', '-0.04']","['-11.55', '-25.14', '58.98', '', '']"
163,Interworld Digital Ltd,,-0.02,"['-0.17', '-0.16', '-0.18', '-0.14', '-0.17', '-0.15', '-0.15', '0.03']","['-0.00', '-0.00', '-0.00', '-0.00', '-0.00', '-0.00', '-0.00', '0.00']","['0.07', '-0.05', '0.07', '0.13', '-0.10']","['236.62', '283.57', '236.47', '257.16', '274.34']"
164,Sofcom Systems Ltd,,-7.49,"['-0.03', '-0.07', '-0.09', '-0.10', '0.02', '-0.06', '-0.09', '0.04']","['-0.07', '-0.17', '-0.22', '-0.24', '0.05', '-0.14', '-0.22', '0.10']","['0.00', '0.03', '0.04', '0.03', '-0.04']","['2,555.00', '', '0.00', '0.00', '104.29']"
165,Sankhya Infotech Ltd,,-20.6,"['-11.46', '-33.40', '-33.32', '-1.86', '-2.63', '-1.90', '-1.87', '-1.88']","['-8.72', '-25.41', '-22.83', '-1.27', '-1.80', '-1.30', '-1.28', '-1.29']","['-0', '1', '1', '-2', '-0']","['218', '160', '162', '137', '108']"
166,Ajel Ltd,,-2.32,"['1.21', '-0.06', '0.08', '-0.05', '-0.44', '-0.13', '-0.02', '-0.02']","['1.04', '-0.05', '0.07', '-0.04', '-0.38', '-0.11', '-0.02', '-0.02']","['-1.22', '-0.00', '1.04', '0.26', '']","['143.93', '95.89', '187.52', '159.19', '196.00']"
167,Svam Software Ltd,15.7,0.15,"['0.89', '0.00', '0.01', '0.03', '-0.03', '0.00', '0.05', '-0.04']","['0.53', '0.00', '0.01', '0.02', '-0.02', '0.00', '0.03', '-0.02']","['1.41', '-1.65', '0.18', '-0.09', '-0.19']","['185.84', '41.53', '119.80', '-34.61', '24.75']"
168,Nihar Info Global Ltd,26.8,3.62,"['-0.03', '0.16', '0.09', '0.03', '0.03', '0.01', '0.03', '0.20']","['-0.04', '0.20', '0.11', '0.04', '0.04', '0.01', '0.04', '0.25']","['0.01', '0.06', '-0.09', '-0.00', '0.02']","['24.33', '186.74', '13.52', '76.84', '56.15']"
169,Objectone Information Systems Ltd,15.5,2.08,"['0.18', '0.21', '0.17', '0.05', '-0.17', '-0.18', '0.04', '0.70']","['0.17', '0.20', '0.16', '0.05', '-0.16', '-0.17', '0.04', '0.67']","['-0.04', '0.84', '-0.03', '0.28', '-1.00']","['35.47', '43.85', '40.22', '34.42', '50.65']"
170,Naapbooks Ltd,22.3,36.0,['0.05'],['0.27'],"['0.01', '0.04', '-0.02', '-0.02']","['238.59', '176.72', '108.69', '161.62']"
171,Ace Software Exports Ltd,13.6,-3.39,"['-0.11', '-0.61', '-0.57', '-0.43', '-0.10', '0.01', '0.24', '-0.15']","['-0.24', '-1.30', '-1.22', '-0.92', '-0.21', '0.02', '0.51', '-0.32']","['-0.15', '0.21', '-0.03', '0.00', '0.36']","['456.25', '0.00', '0.00', '29.20', '0.00']"
172,Jonjua Overseas Ltd,14.4,7.46,"['0.15', '0.05', '0.30', '0.39', '0.34']","['0.26', '0.09', '0.53', '0.68', '0.59']","['0.00', '0.00', '0.00', '0.00', '0.05']","['0.00', '0.00', '0.00', '0.00', '0.00']"
173,Infronics Systems Ltd,53.6,,"['-0.15', '0.00', '-0.06', '-0.02', '-0.18', '0.03', '-0.02', '-0.02']","['-0.19', '0.00', '-0.08', '-0.03', '-0.23', '0.04', '-0.03', '-0.03']","['-0.03', '0.89', '-0.15', '1.39', '-1.50']","['121.47', '145.52', '92.82', '143.32', '244.54']"
174,Southern Infosys Ltd,190,1.36,"['-0.21', '0.01', '-0.04', '0.02', '0.11', '0.11', '0.00', '-0.04']","['-0.42', '0.02', '-0.08', '0.04', '0.22', '0.22', '0.00', '-0.08']","['-0.05', '0.00', '0.00', '0.07', '0.19']","['3,577.00', '85.11', '3.56', '150.30', '192.28']"
175,Mindpool Technologies Ltd,6.32,8.90,"['0.19', '0.48', '0.20', '0.80', '0.69', '0.60']","['0.45', '1.13', '0.47', '1.89', '1.63', '1.42']","['1.16', '2.16', '-0.60', '-1.02', '0.37']","['88.64', '75.66', '120.22', '170.89', '130.03']"
176,Omni Axs Software Ltd,,-1.32,"['-0.03', '-0.03', '-0.03', '-0.03', '-0.03', '-0.06', '-0.04', '-0.03']","['-0.02', '-0.02', '-0.02', '-0.02', '-0.02', '-0.03', '-0.02', '-0.02']","['-0.33', '-0.09', '-0.17', '0.00', '0.00']","['2.98', '-4,927.50', '195.54', '365.00', '1,825.00']"
177,United Interactive Ltd,20.6,0.89,"['-0.88', '1.42', '0.06', '0.00', '-0.81', '-0.02', '0.00', '-0.03']","['-4.81', '7.76', '0.33', '0.00', '-4.42', '-0.11', '0.00', '-0.16']","['0.76', '-0.85', '1.55', '-1.15', '-0.04']","['30.94', '46.61', '83.16', '0.00', '195.67']"
178,TeleCanor Global Ltd,,-3.65,"['-0.47', '-0.52', '-0.49', '-0.45', '0.71', '-0.16', '-0.23', '-0.25']","['-0.41', '-0.46', '-0.43', '-0.40', '0.62', '-0.14', '-0.20', '-0.22']","['0.01', '0.09', '1.14', '-1.18', '-0.04']","['242.77', '244.69', '143.62', '159.75', '7,677.59']"
179,Wherrelz IT Solutions Ltd,818,15.4,['-0.15'],['-5.51'],"['-0.03', '0.00', '0.01']","['0.00', '16.59', '0.00']"
180,CLIO Infotech Ltd,,-3.84,"['-0.13', '-0.20', '-0.09', '-0.11', '-0.12', '-0.15', '-0.10', '-0.10']","['-0.12', '-0.18', '-0.08', '-0.10', '-0.11', '-0.14', '-0.09', '-0.09']","['0.00', '-0.46', '0.18', '-0.07', '-0.02']","['12.59', '14.31', '0.00', '32.85', '0.00']"
181,Niks Technology Ltd,51.1,29.1,"['0.09', '0.07', '0.10', '0.02']","['45.00', '35.00', '2.75', '0.55']","['0.02', '0.81']","['73.00', '76.84']"
182,BNR Udyog Ltd,11.1,7.50,"['-0.10', '-0.10', '-0.08', '-0.08', '-0.15', '-0.00', '0.22', '0.01']","['-0.33', '-0.33', '-0.27', '-0.27', '-0.50', '-0.00', '0.73', '0.03']","['-0.06', '-0.57', '0.21', '-0.29', '0.31']","['130.90', '255.15', '133.66', '177.60', '113.60']"
183,Bharatiya Global Infomedia Ltd,11.3,-0.05,"['0.72', '0.04', '-0.15', '-0.58', '-0.27', '-0.50', '-0.23', '-0.09']","['0.45', '0.03', '-0.09', '-0.37', '-0.17', '-0.32', '-0.15', '-0.06']","['-0.08', '0.87', '-0.02', '-0.23', '0.20']","['113.27', '144.24', '96.10', '106.41', '233.95']"
184,Senthil Infotek Ltd,,0.21,"['0.01', '-0.00', '-0.00', '0.01', '-0.00', '0.01', '0.01', '-0.00']","['0.02', '-0.00', '-0.00', '0.02', '-0.00', '0.02', '0.02', '-0.00']","['-0.19', '-0.01', '-0.08', '-0.16', '0.08']","['', '-0.00', '365.00', '365.00', '985.50']"
185,Triton Corp. Ltd,,-6.86,"['-7.78', '-0.05', '-0.05', '-0.07', '-0.67', '-0.04', '-0.12', '-0.06']","['-0.39', '-0.00', '-0.00', '-0.00', '-0.03', '-0.00', '-0.01', '-0.00']","['-0.27', '-0.59', '-0.04', '0.00', '-0.03']","['623,663.33', '', '', '', '']"
186,Melstar Information Technologies Ltd,,,"['-0.97', '-0.61', '-1.06', '-0.58', '2.15', '-0.70', '-1.90', '-0.29']","['-0.68', '-0.43', '-0.74', '-0.41', '1.51', '-0.49', '-1.33', '-0.20']","['0.19', '-0.03', '-0.34', '-0.05', '0.00']","['48.03', '69.67', '66.68', '128.06', '219.25']"
187,Sparc Systems Ltd,,-82.0,"['0.15', '-0.05', '-0.02', '-0.01', '0.07', '-0.04', '-0.01', '-0.01']","['0.31', '-0.10', '-0.04', '-0.02', '0.14', '-0.08', '-0.02', '-0.02']","['0.04', '-0.03', '0.06', '-0.07', '-0.04']","['-199.09', '529.25', '243.33', '85.88', '95.64']"
188,First Fintec Ltd,,-27.4,"['-1.33', '-1.24', '-1.40', '-1.47', '-0.78', '-1.87', '-1.90', '-1.91']","['-1.28', '-1.19', '-1.35', '-1.41', '-0.75', '-1.80', '-1.83', '-1.84']","['0.07', '0.10', '-0.22', '-0.00', '-0.00']","['69.65', '85.45', '102.06', '95.68', '122.02']"
189,Netripples Software Ltd,,0.10,"['0.13', '0.13', '0.18', '0.12', '0.01', '0.05', '0.06', '0.05']","['0.19', '0.19', '0.26', '0.18', '0.01', '0.07', '0.09', '0.07']","['', '0.00', '0.00', '0.69', '1.64']","['14.59', '14.30', '24.59', '26.08', '16.35']"
190,Hiliks Technologies Ltd,,3.55,"['-0.04', '0.02', '0.05', '-0.07', '0.09', '-0.22', '0.15', '0.26']","['-0.08', '0.04', '0.10', '-0.14', '0.18', '-0.43', '0.30', '0.51']","['0.11', '-0.13', '-0.02', '0.09', '-0.07']","['', '0.00', '', '425.83', '0.00']"
191,Advent Computer Services Ltd,,-1.32,"['-0.24', '-0.10', '-0.08', '-0.12', '-0.12', '-0.06', '-0.06', '-0.04']","['-0.15', '-0.06', '-0.05', '-0.07', '-0.07', '-0.04', '-0.04', '-0.02']","['0.00', '0.00', '0.02', '-0.01', '0.01']","['547.50', '126.96', '70.19', '0.00', '0.00']"
192,Quintegra Solutions Ltd,35.4,,"['-0.01', '-0.01', '-0.02', '-0.01', '0.23', '-0.02', '-0.16', '-0.01']","['-0.00', '-0.00', '-0.01', '-0.00', '0.09', '-0.01', '-0.06', '-0.00']","['0.29', '-0.56', '0.59', '-0.36', '0.35']","['512.54', '448.61', '56.53', '51.17', '22.72']"
193,Twinstar Industries Ltd,,-15.7,"['-0.16', '0.01', '-0.71', '-0.27', '-0.16', '-0.11', '-0.14', '-0.13']","['-0.07', '0.00', '-0.32', '-0.12', '-0.07', '-0.05', '-0.06', '-0.06']","['0.55', '-0.61', '1.31', '-1.26', '0.28']","['221.59', '199.94', '49.65', '33.95', '72.78']"
194,Virtualsoft Systems Ltd,,,"['-0.28', '-1.54', '-0.50', '-0.95', '-1.05', '-0.47', '-0.48', '-0.49']","['-0.27', '-1.50', '-0.49', '-0.92', '-1.02', '-0.46', '-0.47', '-0.48']","['-0.05', '0.09', '-0.01', '-3.00', '0.11']","['780.69', '-20.46', '38.84', '30.10', '7.16']"
195,Mahaveer Infoway Ltd,,-6.83,"['-0.29', '-0.12', '-0.14', '0.13', '-0.36', '-0.06', '-0.09', '0.07']","['-0.53', '-0.22', '-0.25', '0.24', '-0.65', '-0.11', '-0.16', '0.13']","['0.19', '-0.05', '0.21', '0.70', '-0.71']","['60.56', '82.58', '98.96', '40.61', '42.18']"
196,Hypersoft Technologies Ltd,52.6,0.30,"['-0.01', '0.06', '0.07', '-0.17', '-0.28', '0.01', '0.07', '0.02']","['-0.02', '0.14', '0.16', '-0.40', '-0.66', '0.02', '0.16', '0.05']","['0.09', '-0.05', '0.09', '-0.23', '-0.01']","['84.41', '15.21', '17.72', '22.53', '5.45']"
197,International Data Management Ltd,,,"['-0.03', '-0.04', '-0.11', '-0.01', '-0.01', '-0.04', '-0.01', '-0.02']","['-0.14', '-0.18', '-0.50', '-0.05', '-0.05', '-0.18', '-0.05', '-0.09']","['0.00', '-0.01', '0.00', '0.00', '0.00']","['', '', '', '', '']"
198,N2N Technologies Ltd,,-39.4,"['-0.03', '-0.06', '0.00', '-0.01', '-0.02', '-0.05', '-0.02', '-0.02']","['-0.09', '-0.19', '0.00', '-0.03', '-0.06', '-0.15', '-0.06', '-0.06']","['0.02', '0.17', '-0.28', '0.00', '0.00']","['208.57', '-1,629.15', '', '', '-12,491.11']"
199,Adjia Technologies Ltd,,-15.6,"['-0.01', '-0.23', '-0.10']","['-1.39', '-2.61', '-1.14']","['0.00', '0.00', '', '', '0.03']","['', '0.00', '', '', '0.00']"
200,Interactive Financial Services Ltd,3.05,10.0,"['0.27', '0.08', '0.05', '0.07', '-0.07', '0.15', '0.06', '0.10']","['0.90', '0.27', '0.17', '0.23', '-0.23', '0.50', '0.20', '0.33']","['-0.00', '0.04', '0.04', '-0.05', '0.10']","['-0.00', '-0.00', '-0.00', '-0.00', '42.44']"
201,Quest Softech India Ltd,1.40,-133,"['0.44', '-0.03', '-0.03', '0.00', '0.00', '-0.02', '-0.03', '-4.09']","['0.44', '-0.03', '-0.03', '0.00', '0.00', '-0.02', '-0.03', '-4.09']","['-0.21', '0.12', '0.01', '-0.09', '0.10']","['77.11', '393.63', '0.00', '365.00', '328.50']"
202,Capricorn Systems Global Solutions Ltd,,-11.8,"['-0.04', '0.01', '0.02', '0.01', '-0.01', '0.01', '-0.00', '-0.01']","['-0.10', '0.03', '0.05', '0.03', '-0.03', '0.03', '-0.00', '-0.03']","['0.07', '-0.00', '-0.09', '0.12', '-0.05']","['2.83', '-0.00', '-0.00', '-0.00', '30.19']"
203,GI Engineering Solutions Ltd,,-44.9,"['0.00', '-0.01', '-0.01', '0.00', '-0.02', '0.00', '-0.96', '-1.34']","['0.00', '-0.01', '-0.01', '0.00', '-0.02', '0.00', '-1.11', '-1.56']","['0.02', '0.39', '-0.29', '-0.11', '0.02']","['574.96', '567.46', '4,183.46', '365.00', '365.00']"
204,PFL Infotech Ltd,37.8,0.57,"['-0.01', '0.19', '-0.93', '-0.01', '-1.15', '-0.01', '0.00', '-0.06']","['-0.01', '0.25', '-1.24', '-0.01', '-1.54', '-0.01', '0.00', '-0.08']","['0.00', '0.01', '0.03', '-0.04', '0.02']","['0.00', '', '', '', '']"
205,Centerac Technologies Ltd,,-66.7,"['-0.03', '0.01', '0.07', '0.00', '0.00', '-0.02', '0.03', '0.01']","['-0.03', '0.01', '0.06', '0.00', '0.00', '-0.02', '0.03', '0.01']","['0.04', '-0.05', '0.36', '-0.10', '0.08']","['91.25', '215.29', '48.21', '91.82', '77.55']"
206,Meglon Infra-Real (India) Ltd,,-6.49,"['0.01', '0.00', '0.00', '0.00', '0.00', '0.00', '0.00', '0.00']","['0.02', '0.00', '0.00', '0.00', '0.00', '0.00', '0.00', '0.00']","['0.09', '0.00', '0.00', '0.05', '-0.01']","['1,095.00', '0.00', '365.00', '121.67', '962.27']"
207,I Power Solutions India Ltd,110,0.22,"['0.00', '0.01', '0.00', '0.00', '-0.02', '0.00', '0.00', '-0.01']","['0.00', '0.02', '0.00', '0.00', '-0.04', '0.00', '0.00', '-0.02']","['-0.05', '0.05', '-0.04', '-0.01', '0.00']","['206.05', '217.26', '341.45', '83.43', '189.80']"
208,Pagaria Energy Ltd,,0.16,"['0.15', '0.00', '0.01', '0.02', '-0.01', '0.00', '0.00', '0.00']","['0.34', '0.00', '0.02', '0.05', '-0.02', '0.00', '0.00', '0.00']","['-0.08', '-0.21', '-0.01', '0.21', '-0.31']","['7.57', '104.29', '134.16', '152.91', '94.35']"
209,Palsoft Infosystems Ltd,,,"['0.03', '-0.02', '-0.06', '-0.02', '0.01', '0.08', '-0.01', '-0.01']","['0.10', '-0.07', '-0.20', '-0.07', '0.03', '0.27', '-0.03', '-0.03']","['0.00', '0.00', '0.00', '0.07', '-0.08']","['62.32', '0.00', '0.00', '0.00', '0.00']"
210,Fourth Generation Information Systems Ltd,,,"['-0.04', '0.00', '-0.11', '-0.14', '-0.01', '-0.01', '-0.01', '-0.02']","['-0.11', '0.00', '-0.31', '-0.39', '-0.03', '-0.03', '-0.03', '-0.06']","['0.00', '0.04', '0.01', '0.13', '-0.10']","['', '1,720.71', '213.31', '309.70', '514.32']"
211,CES Ltd,0.04,23.2,"['3.53', '5.33', '5.74', '4.47', '4.47', '8.04', '3.57', '3.41']","['0.97', '1.46', '1.58', '1.23', '1.23', '2.21', '0.98', '0.94']","['', '-2', '3', '-3', '4']","['55', '79', '57', '60', '63']"
212,Covidh Technologies Ltd,,,"['-0.02', '-0.06', '-0.09', '-0.08', '-0.19', '-0.07', '-0.07', '-0.00']","['-0.02', '-0.06', '-0.08', '-0.08', '-0.18', '-0.07', '-0.07', '-0.00']","['', '-0.01', '-0.03', '0.04', '-0.04']","['147.90', '138.99', '137.53', '151.73', '130.54']"
213,Aris International Ltd,21.0,,"['0.03', '0.01', '0.00', '0.00', '0.01', '-0.02', '-0.03', '0.00']","['0.65', '0.22', '0.00', '0.00', '0.22', '-0.43', '-0.65', '0.00']","['0.22', '-0.19', '-0.02', '0.00', '-0.01']","['-172.47', '0.00', '', '0.00', '0.00']"
214,Baron Infotech Ltd,,-2.09,"['-0.08', '0.00', '0.00', '-0.02', '0.01', '0.00', '0.00', '-0.03']","['-0.08', '0.00', '0.00', '-0.02', '0.01', '0.00', '0.00', '-0.03']","['', '0.02', '-0.02', '0.00', '0.00']","['1,022.00', '231.63', '246.62', '811.11', '608.33']"
215,G-Tech Info Training Ltd,,-55.6,"['-0.02', '-0.01', '-0.01', '-0.05', '-0.01', '-0.00', '-0.00', '-0.02']","['-0.06', '-0.03', '-0.03', '-0.14', '-0.03', '-0.00', '-0.00', '-0.06']","['0.01', '0.02', '0.01', '-0.03', '0.01']","['10,020.91', '-0.00', '-0.00', '-0.00', '-0.00']"
216,Datasoft Applications Software (India) Ltd,,-8.86,"['0.00', '-0.02', '-0.03', '-0.03', '-0.21', '0.00', '-0.02', '-0.02']","['0.00', '-0.06', '-0.10', '-0.10', '-1.86', '0.00', '-0.18', '-0.18']","['0.00', '0.00', '0.01', '-0.01', '0.00']","['0.00', '', '', '', '']"
